{
  "03 - POST Select Flight" : {
    "transaction" : "03 - POST Select Flight",
    "sampleCount" : 15949,
    "errorCount" : 0,
    "errorPct" : 0.0,
    "meanResTime" : 504.90921060881413,
    "medianResTime" : 350.0,
    "minResTime" : 228.0,
    "maxResTime" : 6304.0,
    "pct1ResTime" : 839.0,
    "pct2ResTime" : 1381.0,
    "pct3ResTime" : 2731.5,
    "throughput" : 38.086527508793885,
    "receivedKBytesPerSec" : 249.90584812238959,
    "sentKBytesPerSec" : 10.668417744360093
  },
  "Total" : {
    "transaction" : "Total",
    "sampleCount" : 63796,
    "errorCount" : 0,
    "errorPct" : 0.0,
    "meanResTime" : 537.7819926014248,
    "medianResTime" : 366.0,
    "minResTime" : 227.0,
    "maxResTime" : 6307.0,
    "pct1ResTime" : 646.0,
    "pct2ResTime" : 1014.9000000000015,
    "pct3ResTime" : 3896.880000000019,
    "throughput" : 151.73086299366162,
    "receivedKBytesPerSec" : 912.2997635188368,
    "sentKBytesPerSec" : 40.6467073245056
  },
  "01 - GET Home" : {
    "transaction" : "01 - GET Home",
    "sampleCount" : 15949,
    "errorCount" : 0,
    "errorPct" : 0.0,
    "meanResTime" : 638.46573452881,
    "medianResTime" : 481.0,
    "minResTime" : 355.0,
    "maxResTime" : 6272.0,
    "pct1ResTime" : 988.0,
    "pct2ResTime" : 1497.0,
    "pct3ResTime" : 2923.5,
    "throughput" : 38.016532865506,
    "receivedKBytesPerSec" : 176.6063518294667,
    "sentKBytesPerSec" : 6.274212943623548
  },
  "02 - POST Search Flights" : {
    "transaction" : "02 - POST Search Flights",
    "sampleCount" : 15949,
    "errorCount" : 0,
    "errorPct" : 0.0,
    "meanResTime" : 502.63847263151183,
    "medianResTime" : 351.0,
    "minResTime" : 232.0,
    "maxResTime" : 5990.0,
    "pct1ResTime" : 831.0,
    "pct2ResTime" : 1346.5,
    "pct3ResTime" : 2728.0,
    "throughput" : 38.08780087070112,
    "receivedKBytesPerSec" : 274.1900335684716,
    "sentKBytesPerSec" : 8.69743316977836
  },
  "04 - POST Purchase Ticket  " : {
    "transaction" : "04 - POST Purchase Ticket  ",
    "sampleCount" : 15949,
    "errorCount" : 0,
    "errorPct" : 0.0,
    "meanResTime" : 505.1145526365277,
    "medianResTime" : 350.0,
    "minResTime" : 227.0,
    "maxResTime" : 6307.0,
    "pct1ResTime" : 834.0,
    "pct2ResTime" : 1388.5,
    "pct3ResTime" : 2778.5,
    "throughput" : 38.077343634358186,
    "receivedKBytesPerSec" : 214.9289425801823,
    "sentKBytesPerSec" : 15.156543394479751
  },
  "TX - Compra Completa" : {
    "transaction" : "TX - Compra Completa",
    "sampleCount" : 15949,
    "errorCount" : 0,
    "errorPct" : 0.0,
    "meanResTime" : 2151.1279704056806,
    "medianResTime" : 1759.0,
    "minResTime" : 1102.0,
    "maxResTime" : 16043.0,
    "pct1ResTime" : 3494.0,
    "pct2ResTime" : 4339.0,
    "pct3ResTime" : 6687.5,
    "throughput" : 37.9227943361906,
    "receivedKBytesPerSec" : 912.0611488600157,
    "sentKBytesPerSec" : 40.63607605988373
  }
}