{
  "03 - POST Select Flight" : {
    "transaction" : "03 - POST Select Flight",
    "sampleCount" : 17430,
    "errorCount" : 0,
    "errorPct" : 0.0,
    "meanResTime" : 351.9491681009739,
    "medianResTime" : 281.0,
    "minResTime" : 223.0,
    "maxResTime" : 7127.0,
    "pct1ResTime" : 432.0,
    "pct2ResTime" : 521.0,
    "pct3ResTime" : 1556.969999999983,
    "throughput" : 41.61215466447664,
    "receivedKBytesPerSec" : 273.04047102100185,
    "sentKBytesPerSec" : 11.656006486530362
  },
  "Total" : {
    "transaction" : "Total",
    "sampleCount" : 69720,
    "errorCount" : 0,
    "errorPct" : 0.0,
    "meanResTime" : 404.52012335054224,
    "medianResTime" : 311.0,
    "minResTime" : 223.0,
    "maxResTime" : 7174.0,
    "pct1ResTime" : 494.0,
    "pct2ResTime" : 558.0,
    "pct3ResTime" : 979.0,
    "throughput" : 165.90953979853842,
    "receivedKBytesPerSec" : 997.5559782211009,
    "sentKBytesPerSec" : 44.44500052352408
  },
  "01 - GET Home" : {
    "transaction" : "01 - GET Home",
    "sampleCount" : 17430,
    "errorCount" : 0,
    "errorPct" : 0.0,
    "meanResTime" : 560.4644291451484,
    "medianResTime" : 436.0,
    "minResTime" : 351.0,
    "maxResTime" : 7174.0,
    "pct1ResTime" : 959.0,
    "pct2ResTime" : 1046.0,
    "pct3ResTime" : 1651.5599999999686,
    "throughput" : 41.56531692659894,
    "receivedKBytesPerSec" : 193.09358810124243,
    "sentKBytesPerSec" : 6.859900938081271
  },
  "02 - POST Search Flights" : {
    "transaction" : "02 - POST Search Flights",
    "sampleCount" : 17430,
    "errorCount" : 0,
    "errorPct" : 0.0,
    "meanResTime" : 351.62352266207756,
    "medianResTime" : 282.0,
    "minResTime" : 225.0,
    "maxResTime" : 7079.0,
    "pct1ResTime" : 431.0,
    "pct2ResTime" : 526.0,
    "pct3ResTime" : 1534.4499999999935,
    "throughput" : 41.62000434586391,
    "receivedKBytesPerSec" : 299.61954382905236,
    "sentKBytesPerSec" : 9.50404488447643
  },
  "04 - POST Purchase Ticket  " : {
    "transaction" : "04 - POST Purchase Ticket  ",
    "sampleCount" : 17430,
    "errorCount" : 0,
    "errorPct" : 0.0,
    "meanResTime" : 354.04337349397764,
    "medianResTime" : 281.0,
    "minResTime" : 225.0,
    "maxResTime" : 7134.0,
    "pct1ResTime" : 432.0,
    "pct2ResTime" : 526.0,
    "pct3ResTime" : 1722.6899999999987,
    "throughput" : 41.61275073890685,
    "receivedKBytesPerSec" : 234.8859547565785,
    "sentKBytesPerSec" : 16.56376011072859
  },
  "TX - Compra Completa" : {
    "transaction" : "TX - Compra Completa",
    "sampleCount" : 17430,
    "errorCount" : 0,
    "errorPct" : 0.0,
    "meanResTime" : 1618.0804934021849,
    "medianResTime" : 1384.0,
    "minResTime" : 1084.0,
    "maxResTime" : 16728.0,
    "pct1ResTime" : 2023.8999999999996,
    "pct2ResTime" : 2486.800000000003,
    "pct3ResTime" : 6506.0,
    "throughput" : 41.46514952908627,
    "receivedKBytesPerSec" : 997.2617090204542,
    "sentKBytesPerSec" : 44.43188968557379
  }
}